,link,likes
0,https://images.unsplash.com/photo-1682686580452-37f1892ee5e8?crop=entropy&cs=tinysrgb&fit=max&fm=jpg&ixid=M3wyMjI4NjZ8MXwxfGFsbHwxfHx8fHx8Mnx8MTcxMDU5OTUxNXw&ixlib=rb-4.0.3&q=80&w=1080,"['NEOM317', 'likes']"
1,https://images.unsplash.com/photo-1706670542491-61eeb26510de?crop=entropy&cs=tinysrgb&fit=max&fm=jpg&ixid=M3wyMjI4NjZ8MHwxfGFsbHwyfHx8fHx8Mnx8MTcxMDU5OTUxNXw&ixlib=rb-4.0.3&q=80&w=1080,"['Eugene', 'Golovesov29', 'likes']"
2,https://images.unsplash.com/photo-1710488140458-e1757928a9f8?crop=entropy&cs=tinysrgb&fit=max&fm=jpg&ixid=M3wyMjI4NjZ8MHwxfGFsbHwzfHx8fHx8Mnx8MTcxMDU5OTUxNXw&ixlib=rb-4.0.3&q=80&w=1080,"['Polina', 'Kuzovkova10', 'likes']"
3,https://images.unsplash.com/photo-1706026803368-d84389566a80?crop=entropy&cs=tinysrgb&fit=max&fm=jpg&ixid=M3wyMjI4NjZ8MHwxfGFsbHw0fHx8fHx8Mnx8MTcxMDU5OTUxNXw&ixlib=rb-4.0.3&q=80&w=1080,"['Yana', 'Gorbunova33', 'likes']"
4,https://images.unsplash.com/photo-1710573274483-38f75804e74f?crop=entropy&cs=tinysrgb&fit=max&fm=jpg&ixid=M3wyMjI4NjZ8MHwxfGFsbHw1fHx8fHx8Mnx8MTcxMDU5OTUxNXw&ixlib=rb-4.0.3&q=80&w=1080,"['Євгенія', 'Височина25', 'likes']"
5,https://images.unsplash.com/photo-1707343846292-0c11438d145f?crop=entropy&cs=tinysrgb&fit=max&fm=jpg&ixid=M3wyMjI4NjZ8MXwxfGFsbHw2fHx8fHx8Mnx8MTcxMDU5OTUxNXw&ixlib=rb-4.0.3&q=80&w=1080,"['NEOM484', 'likes']"
6,https://images.unsplash.com/photo-1710537433038-a4da7b9e0a64?crop=entropy&cs=tinysrgb&fit=max&fm=jpg&ixid=M3wyMjI4NjZ8MHwxfGFsbHw3fHx8fHx8Mnx8MTcxMDU5OTUxNXw&ixlib=rb-4.0.3&q=80&w=1080,"['Susan', 'Wilkinson18', 'likes']"
7,https://images.unsplash.com/photo-1710543574195-143970a68e1f?crop=entropy&cs=tinysrgb&fit=max&fm=jpg&ixid=M3wyMjI4NjZ8MHwxfGFsbHw4fHx8fHx8Mnx8MTcxMDU5OTUxNXw&ixlib=rb-4.0.3&q=80&w=1080,"['Ashford', 'Marx16', 'likes']"
8,https://images.unsplash.com/photo-1710376624049-8e439bd1d108?crop=entropy&cs=tinysrgb&fit=max&fm=jpg&ixid=M3wyMjI4NjZ8MHwxfGFsbHw5fHx8fHx8Mnx8MTcxMDU5OTUxNXw&ixlib=rb-4.0.3&q=80&w=1080,"['Uran', 'Wang15', 'likes']"
9,https://images.unsplash.com/photo-1705667042283-753349b4e0d0?crop=entropy&cs=tinysrgb&fit=max&fm=jpg&ixid=M3wyMjI4NjZ8MHwxfGFsbHwxMHx8fHx8fDJ8fDE3MTA1OTk1MTV8&ixlib=rb-4.0.3&q=80&w=1080,"['Uran', 'Wang16', 'likes']"
10,https://images.unsplash.com/photo-1683009426952-13567b4fa28b?crop=entropy&cs=tinysrgb&fit=max&fm=jpg&ixid=M3wyMjI4NjZ8MXwxfGFsbHwxMXx8fHx8fDJ8fDE3MTA2MDEzMDZ8&ixlib=rb-4.0.3&q=80&w=1080,"['NEOM1045', 'likes']"
11,https://images.unsplash.com/photo-1705774018984-af74ccbd6a21?crop=entropy&cs=tinysrgb&fit=max&fm=jpg&ixid=M3wyMjI4NjZ8MHwxfGFsbHwxMnx8fHx8fDJ8fDE3MTA2MDEzMDZ8&ixlib=rb-4.0.3&q=80&w=1080,"['Vasilis', 'Karkalas11', 'likes']"
12,https://images.unsplash.com/photo-1710172510079-9a1703c3fd05?crop=entropy&cs=tinysrgb&fit=max&fm=jpg&ixid=M3wyMjI4NjZ8MHwxfGFsbHwxM3x8fHx8fDJ8fDE3MTA2MDEzMDZ8&ixlib=rb-4.0.3&q=80&w=1080,"['Lukas', 'Zischke9', 'likes']"
13,https://images.unsplash.com/photo-1710270822125-6614bd66311f?crop=entropy&cs=tinysrgb&fit=max&fm=jpg&ixid=M3wyMjI4NjZ8MHwxfGFsbHwxNHx8fHx8fDJ8fDE3MTA2MDEzMDZ8&ixlib=rb-4.0.3&q=80&w=1080,"['NASA', 'Hubble', 'Space', 'Telescope46', 'likes']"
14,https://images.unsplash.com/photo-1710520353183-52bf7769a82a?crop=entropy&cs=tinysrgb&fit=max&fm=jpg&ixid=M3wyMjI4NjZ8MHwxfGFsbHwxNXx8fHx8fDJ8fDE3MTA2MDEzMDZ8&ixlib=rb-4.0.3&q=80&w=1080,"['JC', 'Gellidon9', 'likes']"
15,https://images.unsplash.com/photo-1707343848552-893e05dba6ac?crop=entropy&cs=tinysrgb&fit=max&fm=jpg&ixid=M3wyMjI4NjZ8MXwxfGFsbHwxNnx8fHx8fDJ8fDE3MTA2MDEzMDZ8&ixlib=rb-4.0.3&q=80&w=1080,"['NEOM124', 'likes']"
16,https://images.unsplash.com/photo-1681375989516-a46089a320fe?crop=entropy&cs=tinysrgb&fit=max&fm=jpg&ixid=M3wyMjI4NjZ8MHwxfGFsbHwxN3x8fHx8fDJ8fDE3MTA2MDEzMDZ8&ixlib=rb-4.0.3&q=80&w=1080,"['Samuel', 'Jerónimo8', 'likes']"
17,https://images.unsplash.com/photo-1634848577969-bc28ee71ffc1?crop=entropy&cs=tinysrgb&fit=max&fm=jpg&ixid=M3wyMjI4NjZ8MHwxfGFsbHwxOHx8fHx8fDJ8fDE3MTA2MDEzMDZ8&ixlib=rb-4.0.3&q=80&w=1080,"['Rohit', 'Choudhari267', 'likes']"
18,https://images.unsplash.com/photo-1707229219459-03dd69961ab0?crop=entropy&cs=tinysrgb&fit=max&fm=jpg&ixid=M3wyMjI4NjZ8MHwxfGFsbHwxOXx8fHx8fDJ8fDE3MTA2MDEzMDZ8&ixlib=rb-4.0.3&q=80&w=1080,"['Max', 'Fitz13', 'likes']"
19,https://images.unsplash.com/photo-1708058885067-ed3b3c2cab9c?crop=entropy&cs=tinysrgb&fit=max&fm=jpg&ixid=M3wyMjI4NjZ8MHwxfGFsbHwyMHx8fHx8fDJ8fDE3MTA2MDEzMDZ8&ixlib=rb-4.0.3&q=80&w=1080,"['Austin', 'Schmid15', 'likes']"
20,https://images.unsplash.com/photo-1682687980961-78fa83781450?crop=entropy&cs=tinysrgb&fit=max&fm=jpg&ixid=M3wyMjI4NjZ8MXwxfGFsbHwyMXx8fHx8fDJ8fDE3MTA2MDEzMDZ8&ixlib=rb-4.0.3&q=80&w=1080,"['NEOM1186', 'likes']"
21,https://images.unsplash.com/photo-1708381597911-244afaf73f6b?crop=entropy&cs=tinysrgb&fit=max&fm=jpg&ixid=M3wyMjI4NjZ8MHwxfGFsbHwyMnx8fHx8fDJ8fDE3MTA2MDEzMDZ8&ixlib=rb-4.0.3&q=80&w=1080,"['Scott', 'Xu11', 'likes']"
22,https://images.unsplash.com/photo-1708246117043-ffe28a9935b3?crop=entropy&cs=tinysrgb&fit=max&fm=jpg&ixid=M3wyMjI4NjZ8MHwxfGFsbHwyM3x8fHx8fDJ8fDE3MTA2MDEzMDZ8&ixlib=rb-4.0.3&q=80&w=1080,"['Quan', 'Nguyen7', 'likes']"
23,https://images.unsplash.com/photo-1707083724799-cc76620ee809?crop=entropy&cs=tinysrgb&fit=max&fm=jpg&ixid=M3wyMjI4NjZ8MHwxfGFsbHwyNHx8fHx8fDJ8fDE3MTA2MDEzMDZ8&ixlib=rb-4.0.3&q=80&w=1080,"['Greg', 'Sellentin13', 'likes']"
24,https://images.unsplash.com/photo-1707160038533-17251ac05234?crop=entropy&cs=tinysrgb&fit=max&fm=jpg&ixid=M3wyMjI4NjZ8MHwxfGFsbHwyNXx8fHx8fDJ8fDE3MTA2MDEzMDZ8&ixlib=rb-4.0.3&q=80&w=1080,"['Jorgen', 'Hendriksen9', 'likes']"
25,https://images.unsplash.com/photo-1707344088547-3cf7cea5ca49?crop=entropy&cs=tinysrgb&fit=max&fm=jpg&ixid=M3wyMjI4NjZ8MXwxfGFsbHwyNnx8fHx8fDJ8fDE3MTA2MDEzMDZ8&ixlib=rb-4.0.3&q=80&w=1080,"['NEOM109', 'likes']"
26,https://images.unsplash.com/photo-1709342548703-a675702f19ef?crop=entropy&cs=tinysrgb&fit=max&fm=jpg&ixid=M3wyMjI4NjZ8MHwxfGFsbHwyN3x8fHx8fDJ8fDE3MTA2MDEzMDZ8&ixlib=rb-4.0.3&q=80&w=1080,"['Good', 'Faces8', 'likes']"
27,https://images.unsplash.com/photo-1710269388994-c31912df1d6f?crop=entropy&cs=tinysrgb&fit=max&fm=jpg&ixid=M3wyMjI4NjZ8MHwxfGFsbHwyOHx8fHx8fDJ8fDE3MTA2MDEzMDZ8&ixlib=rb-4.0.3&q=80&w=1080,"['NASA', 'Hubble', 'Space', 'Telescope11', 'likes']"
28,https://images.unsplash.com/photo-1710418467761-cb8efcf525db?crop=entropy&cs=tinysrgb&fit=max&fm=jpg&ixid=M3wyMjI4NjZ8MHwxfGFsbHwyOXx8fHx8fDJ8fDE3MTA2MDEzMDZ8&ixlib=rb-4.0.3&q=80&w=1080,"['Clark', 'Gu8', 'likes']"
29,https://images.unsplash.com/photo-1710490149825-9b3e978de5c4?crop=entropy&cs=tinysrgb&fit=max&fm=jpg&ixid=M3wyMjI4NjZ8MHwxfGFsbHwzMHx8fHx8fDJ8fDE3MTA2MDEzMDZ8&ixlib=rb-4.0.3&q=80&w=1080,"['Annie', 'Spratt16', 'likes']"
30,https://images.unsplash.com/photo-1682695795557-17447f921f79?crop=entropy&cs=tinysrgb&fit=max&fm=jpg&ixid=M3wyMjI4NjZ8MXwxfGFsbHwxfHx8fHx8Mnx8MTcxMDYwMTMwNnw&ixlib=rb-4.0.3&q=80&w=1080,"['NEOM277', 'likes']"
31,https://images.unsplash.com/photo-1706670542491-61eeb26510de?crop=entropy&cs=tinysrgb&fit=max&fm=jpg&ixid=M3wyMjI4NjZ8MHwxfGFsbHwyfHx8fHx8Mnx8MTcxMDYwMTMwNnw&ixlib=rb-4.0.3&q=80&w=1080,"['Eugene', 'Golovesov31', 'likes']"
32,https://images.unsplash.com/photo-1710488140458-e1757928a9f8?crop=entropy&cs=tinysrgb&fit=max&fm=jpg&ixid=M3wyMjI4NjZ8MHwxfGFsbHwzfHx8fHx8Mnx8MTcxMDYwMTMwNnw&ixlib=rb-4.0.3&q=80&w=1080,"['Polina', 'Kuzovkova11', 'likes']"
33,https://images.unsplash.com/photo-1706026803368-d84389566a80?crop=entropy&cs=tinysrgb&fit=max&fm=jpg&ixid=M3wyMjI4NjZ8MHwxfGFsbHw0fHx8fHx8Mnx8MTcxMDYwMTMwNnw&ixlib=rb-4.0.3&q=80&w=1080,"['Yana', 'Gorbunova38', 'likes']"
34,https://images.unsplash.com/photo-1710573274483-38f75804e74f?crop=entropy&cs=tinysrgb&fit=max&fm=jpg&ixid=M3wyMjI4NjZ8MHwxfGFsbHw1fHx8fHx8Mnx8MTcxMDYwMTMwNnw&ixlib=rb-4.0.3&q=80&w=1080,"['Євгенія', 'Височина28', 'likes']"
35,https://images.unsplash.com/photo-1707343843982-f8275f3994c5?crop=entropy&cs=tinysrgb&fit=max&fm=jpg&ixid=M3wyMjI4NjZ8MXwxfGFsbHw2fHx8fHx8Mnx8MTcxMDYwMTMwNnw&ixlib=rb-4.0.3&q=80&w=1080,"['NEOM359', 'likes']"
36,https://images.unsplash.com/photo-1710537433038-a4da7b9e0a64?crop=entropy&cs=tinysrgb&fit=max&fm=jpg&ixid=M3wyMjI4NjZ8MHwxfGFsbHw3fHx8fHx8Mnx8MTcxMDYwMTMwNnw&ixlib=rb-4.0.3&q=80&w=1080,"['Susan', 'Wilkinson21', 'likes']"
37,https://images.unsplash.com/photo-1710543574195-143970a68e1f?crop=entropy&cs=tinysrgb&fit=max&fm=jpg&ixid=M3wyMjI4NjZ8MHwxfGFsbHw4fHx8fHx8Mnx8MTcxMDYwMTMwNnw&ixlib=rb-4.0.3&q=80&w=1080,"['Ashford', 'Marx20', 'likes']"
38,https://images.unsplash.com/photo-1710376624049-8e439bd1d108?crop=entropy&cs=tinysrgb&fit=max&fm=jpg&ixid=M3wyMjI4NjZ8MHwxfGFsbHw5fHx8fHx8Mnx8MTcxMDYwMTMwNnw&ixlib=rb-4.0.3&q=80&w=1080,"['Uran', 'Wang18', 'likes']"
39,https://images.unsplash.com/photo-1705667042283-753349b4e0d0?crop=entropy&cs=tinysrgb&fit=max&fm=jpg&ixid=M3wyMjI4NjZ8MHwxfGFsbHwxMHx8fHx8fDJ8fDE3MTA2MDEzMDZ8&ixlib=rb-4.0.3&q=80&w=1080,"['Uran', 'Wang17', 'likes']"
40,https://images.unsplash.com/photo-1682685797660-3d847763208e?crop=entropy&cs=tinysrgb&fit=max&fm=jpg&ixid=M3wyMjI4NjZ8MXwxfGFsbHwzMXx8fHx8fDJ8fDE3MTA2MDEzMDh8&ixlib=rb-4.0.3&q=80&w=1080,"['NEOM165', 'likes']"
41,https://images.unsplash.com/photo-1706820643404-71812d9d7d3a?crop=entropy&cs=tinysrgb&fit=max&fm=jpg&ixid=M3wyMjI4NjZ8MHwxfGFsbHwzMnx8fHx8fDJ8fDE3MTA2MDEzMDh8&ixlib=rb-4.0.3&q=80&w=1080,"['Nick', 'Da', 'Fonseca77', 'likes']"
42,https://images.unsplash.com/photo-1707494750832-48a457145d12?crop=entropy&cs=tinysrgb&fit=max&fm=jpg&ixid=M3wyMjI4NjZ8MHwxfGFsbHwzM3x8fHx8fDJ8fDE3MTA2MDEzMDh8&ixlib=rb-4.0.3&q=80&w=1080,"['Nick', 'Page53', 'likes']"
43,https://images.unsplash.com/photo-1710302027281-a1bfbaa94f92?crop=entropy&cs=tinysrgb&fit=max&fm=jpg&ixid=M3wyMjI4NjZ8MHwxfGFsbHwzNHx8fHx8fDJ8fDE3MTA2MDEzMDh8&ixlib=rb-4.0.3&q=80&w=1080,"['Blaire', 'Harmon22', 'likes']"
44,https://images.unsplash.com/photo-1707879487566-ff0852cadd92?crop=entropy&cs=tinysrgb&fit=max&fm=jpg&ixid=M3wyMjI4NjZ8MHwxfGFsbHwzNXx8fHx8fDJ8fDE3MTA2MDEzMDh8&ixlib=rb-4.0.3&q=80&w=1080,"['Óscar', 'Gutiérrez19', 'likes']"
45,https://images.unsplash.com/photo-1707327259268-2741b50ef5e5?crop=entropy&cs=tinysrgb&fit=max&fm=jpg&ixid=M3wyMjI4NjZ8MXwxfGFsbHwzNnx8fHx8fDJ8fDE3MTA2MDEzMDh8&ixlib=rb-4.0.3&q=80&w=1080,"['NEOM204', 'likes']"
46,https://images.unsplash.com/photo-1710156958953-329d3531c745?crop=entropy&cs=tinysrgb&fit=max&fm=jpg&ixid=M3wyMjI4NjZ8MHwxfGFsbHwzN3x8fHx8fDJ8fDE3MTA2MDEzMDh8&ixlib=rb-4.0.3&q=80&w=1080,"['Polina', 'Kuzovkova25', 'likes']"
47,https://images.unsplash.com/photo-1709983967481-d738b90bd395?crop=entropy&cs=tinysrgb&fit=max&fm=jpg&ixid=M3wyMjI4NjZ8MHwxfGFsbHwzOHx8fHx8fDJ8fDE3MTA2MDEzMDh8&ixlib=rb-4.0.3&q=80&w=1080,"['micheile', 'henderson174', 'likes']"
48,https://images.unsplash.com/photo-1710169589950-ee8c3be7cbef?crop=entropy&cs=tinysrgb&fit=max&fm=jpg&ixid=M3wyMjI4NjZ8MHwxfGFsbHwzOXx8fHx8fDJ8fDE3MTA2MDEzMDh8&ixlib=rb-4.0.3&q=80&w=1080,"['Lucjano', 'Kuci32', 'likes']"
49,https://images.unsplash.com/photo-1710447177159-c4ae694ba09b?crop=entropy&cs=tinysrgb&fit=max&fm=jpg&ixid=M3wyMjI4NjZ8MHwxfGFsbHw0MHx8fHx8fDJ8fDE3MTA2MDEzMDh8&ixlib=rb-4.0.3&q=80&w=1080,"['Benjamin', 'Voros63', 'likes']"
50,https://images.unsplash.com/photo-1682686581413-0a0ec9bb35bb?crop=entropy&cs=tinysrgb&fit=max&fm=jpg&ixid=M3wyMjI4NjZ8MXwxfGFsbHw0MXx8fHx8fDJ8fDE3MTA2MDEzMDh8&ixlib=rb-4.0.3&q=80&w=1080,"['NEOM140', 'likes']"
51,https://images.unsplash.com/photo-1710445350875-00fec354614f?crop=entropy&cs=tinysrgb&fit=max&fm=jpg&ixid=M3wyMjI4NjZ8MHwxfGFsbHw0Mnx8fHx8fDJ8fDE3MTA2MDEzMDh8&ixlib=rb-4.0.3&q=80&w=1080,"['Pawel', 'Czerwinski32', 'likes']"
52,https://images.unsplash.com/photo-1710421871838-029427bed6b4?crop=entropy&cs=tinysrgb&fit=max&fm=jpg&ixid=M3wyMjI4NjZ8MHwxfGFsbHw0M3x8fHx8fDJ8fDE3MTA2MDEzMDh8&ixlib=rb-4.0.3&q=80&w=1080,"['Claudio', 'Schwarz10', 'likes']"
53,https://images.unsplash.com/photo-1710481293133-05ada0ae12ec?crop=entropy&cs=tinysrgb&fit=max&fm=jpg&ixid=M3wyMjI4NjZ8MHwxfGFsbHw0NHx8fHx8fDJ8fDE3MTA2MDEzMDh8&ixlib=rb-4.0.3&q=80&w=1080,"['Nils', 'Lindner21', 'likes']"
54,https://images.unsplash.com/photo-1710335169909-e1af415cd893?crop=entropy&cs=tinysrgb&fit=max&fm=jpg&ixid=M3wyMjI4NjZ8MHwxfGFsbHw0NXx8fHx8fDJ8fDE3MTA2MDEzMDh8&ixlib=rb-4.0.3&q=80&w=1080,"['Lina', 'Bob25', 'likes']"
55,https://images.unsplash.com/photo-1707343848655-a196bfe88861?crop=entropy&cs=tinysrgb&fit=max&fm=jpg&ixid=M3wyMjI4NjZ8MXwxfGFsbHw0Nnx8fHx8fDJ8fDE3MTA2MDEzMDh8&ixlib=rb-4.0.3&q=80&w=1080,"['NEOM92', 'likes']"
56,https://images.unsplash.com/photo-1710261411758-db1523b6143f?crop=entropy&cs=tinysrgb&fit=max&fm=jpg&ixid=M3wyMjI4NjZ8MHwxfGFsbHw0N3x8fHx8fDJ8fDE3MTA2MDEzMDh8&ixlib=rb-4.0.3&q=80&w=1080,"['BRUNO', 'CERVERA19', 'likes']"
57,https://images.unsplash.com/photo-1710352254343-ada197035dd4?crop=entropy&cs=tinysrgb&fit=max&fm=jpg&ixid=M3wyMjI4NjZ8MHwxfGFsbHw0OHx8fHx8fDJ8fDE3MTA2MDEzMDh8&ixlib=rb-4.0.3&q=80&w=1080,"['Roman', 'Melnychuk21', 'likes']"
58,https://images.unsplash.com/photo-1710438399440-83452997ffd8?crop=entropy&cs=tinysrgb&fit=max&fm=jpg&ixid=M3wyMjI4NjZ8MHwxfGFsbHw0OXx8fHx8fDJ8fDE3MTA2MDEzMDh8&ixlib=rb-4.0.3&q=80&w=1080,"['Pawel', 'Czerwinski14', 'likes']"
59,https://images.unsplash.com/photo-1710406941299-d61bdb76b109?crop=entropy&cs=tinysrgb&fit=max&fm=jpg&ixid=M3wyMjI4NjZ8MHwxfGFsbHw1MHx8fHx8fDJ8fDE3MTA2MDEzMDh8&ixlib=rb-4.0.3&q=80&w=1080,"['Lucjano', 'Kuci46', 'likes']"
60,https://images.unsplash.com/photo-1683009427660-b38dea9e8488?crop=entropy&cs=tinysrgb&fit=max&fm=jpg&ixid=M3wyMjI4NjZ8MXwxfGFsbHw2MXx8fHx8fDJ8fDE3MTA2MDEzMDh8&ixlib=rb-4.0.3&q=80&w=1080,"['NEOM197', 'likes']"
61,https://images.unsplash.com/photo-1710267224190-39b059315983?crop=entropy&cs=tinysrgb&fit=max&fm=jpg&ixid=M3wyMjI4NjZ8MHwxfGFsbHw2Mnx8fHx8fDJ8fDE3MTA2MDEzMDh8&ixlib=rb-4.0.3&q=80&w=1080,"['NASA', 'Hubble', 'Space', 'Telescope16', 'likes']"
62,https://images.unsplash.com/photo-1710432157411-dcaa1c5b9494?crop=entropy&cs=tinysrgb&fit=max&fm=jpg&ixid=M3wyMjI4NjZ8MHwxfGFsbHw2M3x8fHx8fDJ8fDE3MTA2MDEzMDh8&ixlib=rb-4.0.3&q=80&w=1080,"['Boston', 'Public', 'Library51', 'likes']"
63,https://images.unsplash.com/photo-1710089765274-1437a79a7524?crop=entropy&cs=tinysrgb&fit=max&fm=jpg&ixid=M3wyMjI4NjZ8MHwxfGFsbHw2NHx8fHx8fDJ8fDE3MTA2MDEzMDh8&ixlib=rb-4.0.3&q=80&w=1080,"['Annie', 'Spratt41', 'likes']"
64,https://images.unsplash.com/photo-1710336723033-bfae8216b139?crop=entropy&cs=tinysrgb&fit=max&fm=jpg&ixid=M3wyMjI4NjZ8MHwxfGFsbHw2NXx8fHx8fDJ8fDE3MTA2MDEzMDh8&ixlib=rb-4.0.3&q=80&w=1080,"['Claudia', 'Garcia105', 'likes']"
65,https://images.unsplash.com/photo-1707343843598-39755549ac9a?crop=entropy&cs=tinysrgb&fit=max&fm=jpg&ixid=M3wyMjI4NjZ8MXwxfGFsbHw2Nnx8fHx8fDJ8fDE3MTA2MDEzMDh8&ixlib=rb-4.0.3&q=80&w=1080,"['NEOM312', 'likes']"
66,https://images.unsplash.com/photo-1710475512344-853809054d97?crop=entropy&cs=tinysrgb&fit=max&fm=jpg&ixid=M3wyMjI4NjZ8MHwxfGFsbHw2N3x8fHx8fDJ8fDE3MTA2MDEzMDh8&ixlib=rb-4.0.3&q=80&w=1080,"['Jason', 'Wong54', 'likes']"
67,https://images.unsplash.com/photo-1710296363325-ae47dc7817d6?crop=entropy&cs=tinysrgb&fit=max&fm=jpg&ixid=M3wyMjI4NjZ8MHwxfGFsbHw2OHx8fHx8fDJ8fDE3MTA2MDEzMDh8&ixlib=rb-4.0.3&q=80&w=1080,"['Chris', 'Turgeon17', 'likes']"
68,https://images.unsplash.com/photo-1710225342718-11c18a806f59?crop=entropy&cs=tinysrgb&fit=max&fm=jpg&ixid=M3wyMjI4NjZ8MHwxfGFsbHw2OXx8fHx8fDJ8fDE3MTA2MDEzMDh8&ixlib=rb-4.0.3&q=80&w=1080,"['Uran', 'Wang47', 'likes']"
69,https://images.unsplash.com/photo-1710432157519-e437027d2e8f?crop=entropy&cs=tinysrgb&fit=max&fm=jpg&ixid=M3wyMjI4NjZ8MHwxfGFsbHw3MHx8fHx8fDJ8fDE3MTA2MDEzMDh8&ixlib=rb-4.0.3&q=80&w=1080,"['Boston', 'Public', 'Library51', 'likes']"
70,https://images.unsplash.com/photo-1682686578842-00ba49b0a71a?crop=entropy&cs=tinysrgb&fit=max&fm=jpg&ixid=M3wyMjI4NjZ8MXwxfGFsbHw1MXx8fHx8fDJ8fDE3MTA2MDEzMDh8&ixlib=rb-4.0.3&q=80&w=1080,"['NEOM349', 'likes']"
71,https://images.unsplash.com/photo-1710461638555-27795861894f?crop=entropy&cs=tinysrgb&fit=max&fm=jpg&ixid=M3wyMjI4NjZ8MHwxfGFsbHw1Mnx8fHx8fDJ8fDE3MTA2MDEzMDh8&ixlib=rb-4.0.3&q=80&w=1080,"['Catia', 'Dombaxe71', 'likes']"
72,https://images.unsplash.com/photo-1710438641275-1b1512304344?crop=entropy&cs=tinysrgb&fit=max&fm=jpg&ixid=M3wyMjI4NjZ8MHwxfGFsbHw1M3x8fHx8fDJ8fDE3MTA2MDEzMDh8&ixlib=rb-4.0.3&q=80&w=1080,"['Pawel', 'Czerwinski34', 'likes']"
73,https://images.unsplash.com/photo-1710259368437-70dce7471215?crop=entropy&cs=tinysrgb&fit=max&fm=jpg&ixid=M3wyMjI4NjZ8MHwxfGFsbHw1NHx8fHx8fDJ8fDE3MTA2MDEzMDh8&ixlib=rb-4.0.3&q=80&w=1080,"['Richard', 'Stachmann21', 'likes']"
74,https://images.unsplash.com/photo-1710269388985-3cca94411981?crop=entropy&cs=tinysrgb&fit=max&fm=jpg&ixid=M3wyMjI4NjZ8MHwxfGFsbHw1NXx8fHx8fDJ8fDE3MTA2MDEzMDh8&ixlib=rb-4.0.3&q=80&w=1080,"['NASA', 'Hubble', 'Space', 'Telescope28', 'likes']"
75,https://images.unsplash.com/photo-1707343843344-011332037abb?crop=entropy&cs=tinysrgb&fit=max&fm=jpg&ixid=M3wyMjI4NjZ8MXwxfGFsbHw1Nnx8fHx8fDJ8fDE3MTA2MDEzMDh8&ixlib=rb-4.0.3&q=80&w=1080,"['NEOM260', 'likes']"
76,https://images.unsplash.com/photo-1709136494561-d98ea74c9431?crop=entropy&cs=tinysrgb&fit=max&fm=jpg&ixid=M3wyMjI4NjZ8MHwxfGFsbHw1N3x8fHx8fDJ8fDE3MTA2MDEzMDh8&ixlib=rb-4.0.3&q=80&w=1080,"['GN', 'Group12', 'likes']"
77,https://images.unsplash.com/photo-1710302112350-e14ceae0c385?crop=entropy&cs=tinysrgb&fit=max&fm=jpg&ixid=M3wyMjI4NjZ8MHwxfGFsbHw1OHx8fHx8fDJ8fDE3MTA2MDEzMDh8&ixlib=rb-4.0.3&q=80&w=1080,"['Blaire', 'Harmon26', 'likes']"
78,https://images.unsplash.com/photo-1710372165237-2a2ada353c15?crop=entropy&cs=tinysrgb&fit=max&fm=jpg&ixid=M3wyMjI4NjZ8MHwxfGFsbHw1OXx8fHx8fDJ8fDE3MTA2MDEzMDh8&ixlib=rb-4.0.3&q=80&w=1080,"['Rafael', 'AS', 'Martins43', 'likes']"
79,https://images.unsplash.com/photo-1710427273049-f72bb821a589?crop=entropy&cs=tinysrgb&fit=max&fm=jpg&ixid=M3wyMjI4NjZ8MHwxfGFsbHw2MHx8fHx8fDJ8fDE3MTA2MDEzMDh8&ixlib=rb-4.0.3&q=80&w=1080,"['Vladislav', 'Bychkov16', 'likes']"
80,https://images.unsplash.com/photo-1682686581498-5e85c7228119?crop=entropy&cs=tinysrgb&fit=max&fm=jpg&ixid=M3wyMjI4NjZ8MXwxfGFsbHw3MXx8fHx8fDJ8fDE3MTA2MDEzMTB8&ixlib=rb-4.0.3&q=80&w=1080,"['NEOM284', 'likes']"
81,https://images.unsplash.com/photo-1710415273421-4d19cc02b839?crop=entropy&cs=tinysrgb&fit=max&fm=jpg&ixid=M3wyMjI4NjZ8MHwxfGFsbHw3Mnx8fHx8fDJ8fDE3MTA2MDEzMTB8&ixlib=rb-4.0.3&q=80&w=1080,"['Yves', 'Cedric', 'Schulze36', 'likes']"
82,https://images.unsplash.com/photo-1710259575206-64db38722f53?crop=entropy&cs=tinysrgb&fit=max&fm=jpg&ixid=M3wyMjI4NjZ8MHwxfGFsbHw3M3x8fHx8fDJ8fDE3MTA2MDEzMTB8&ixlib=rb-4.0.3&q=80&w=1080,"['Richard', 'Stachmann32', 'likes']"
83,https://images.unsplash.com/photo-1710228010417-a8d07002b83c?crop=entropy&cs=tinysrgb&fit=max&fm=jpg&ixid=M3wyMjI4NjZ8MHwxfGFsbHw3NHx8fHx8fDJ8fDE3MTA2MDEzMTB8&ixlib=rb-4.0.3&q=80&w=1080,"['beyza', 'yurtkuran16', 'likes']"
84,https://images.unsplash.com/photo-1710267224267-6e17761926f0?crop=entropy&cs=tinysrgb&fit=max&fm=jpg&ixid=M3wyMjI4NjZ8MHwxfGFsbHw3NXx8fHx8fDJ8fDE3MTA2MDEzMTB8&ixlib=rb-4.0.3&q=80&w=1080,"['NASA', 'Hubble', 'Space', 'Telescope27', 'likes']"
85,https://images.unsplash.com/photo-1707343844152-6d33a0bb32c3?crop=entropy&cs=tinysrgb&fit=max&fm=jpg&ixid=M3wyMjI4NjZ8MXwxfGFsbHw3Nnx8fHx8fDJ8fDE3MTA2MDEzMTB8&ixlib=rb-4.0.3&q=80&w=1080,"['NEOM303', 'likes']"
86,https://images.unsplash.com/photo-1710400737442-0c8b55ce7012?crop=entropy&cs=tinysrgb&fit=max&fm=jpg&ixid=M3wyMjI4NjZ8MHwxfGFsbHw3N3x8fHx8fDJ8fDE3MTA2MDEzMTB8&ixlib=rb-4.0.3&q=80&w=1080,"['Mathieu', 'Odin57', 'likes']"
87,https://images.unsplash.com/photo-1710362921917-2e33bb342a23?crop=entropy&cs=tinysrgb&fit=max&fm=jpg&ixid=M3wyMjI4NjZ8MHwxfGFsbHw3OHx8fHx8fDJ8fDE3MTA2MDEzMTB8&ixlib=rb-4.0.3&q=80&w=1080,"['Phil', 'Desforges25', 'likes']"
88,https://images.unsplash.com/photo-1710381473369-7c75ff666f8d?crop=entropy&cs=tinysrgb&fit=max&fm=jpg&ixid=M3wyMjI4NjZ8MHwxfGFsbHw3OXx8fHx8fDJ8fDE3MTA2MDEzMTB8&ixlib=rb-4.0.3&q=80&w=1080,"['Jason', 'Leung143', 'likes']"
89,https://images.unsplash.com/photo-1710302043859-6077fea7205a?crop=entropy&cs=tinysrgb&fit=max&fm=jpg&ixid=M3wyMjI4NjZ8MHwxfGFsbHw4MHx8fHx8fDJ8fDE3MTA2MDEzMTB8&ixlib=rb-4.0.3&q=80&w=1080,"['Blaire', 'Harmon23', 'likes']"
90,https://images.unsplash.com/photo-1682687220866-c856f566f1bd?crop=entropy&cs=tinysrgb&fit=max&fm=jpg&ixid=M3wyMjI4NjZ8MXwxfGFsbHw4MXx8fHx8fDJ8fDE3MTA2MDEzMTB8&ixlib=rb-4.0.3&q=80&w=1080,"['NEOM239', 'likes']"
91,https://images.unsplash.com/photo-1710214960135-1d348026fbe6?crop=entropy&cs=tinysrgb&fit=max&fm=jpg&ixid=M3wyMjI4NjZ8MHwxfGFsbHw4Mnx8fHx8fDJ8fDE3MTA2MDEzMTB8&ixlib=rb-4.0.3&q=80&w=1080,"['Catia', 'Dombaxe33', 'likes']"
92,https://images.unsplash.com/photo-1710209614924-6bf12ec19b85?crop=entropy&cs=tinysrgb&fit=max&fm=jpg&ixid=M3wyMjI4NjZ8MHwxfGFsbHw4M3x8fHx8fDJ8fDE3MTA2MDEzMTB8&ixlib=rb-4.0.3&q=80&w=1080,"['Yue', 'WU65', 'likes']"
93,https://images.unsplash.com/photo-1710173126005-bc5cb5001b9e?crop=entropy&cs=tinysrgb&fit=max&fm=jpg&ixid=M3wyMjI4NjZ8MHwxfGFsbHw4NHx8fHx8fDJ8fDE3MTA2MDEzMTB8&ixlib=rb-4.0.3&q=80&w=1080,"['Eric', 'Muhr95', 'likes']"
94,https://images.unsplash.com/photo-1710196598764-909ba51da3c2?crop=entropy&cs=tinysrgb&fit=max&fm=jpg&ixid=M3wyMjI4NjZ8MHwxfGFsbHw4NXx8fHx8fDJ8fDE3MTA2MDEzMTB8&ixlib=rb-4.0.3&q=80&w=1080,"['Good', 'Faces16', 'likes']"
95,https://images.unsplash.com/photo-1707343848610-16f9afe1ae23?crop=entropy&cs=tinysrgb&fit=max&fm=jpg&ixid=M3wyMjI4NjZ8MXwxfGFsbHw4Nnx8fHx8fDJ8fDE3MTA2MDEzMTB8&ixlib=rb-4.0.3&q=80&w=1080,"['NEOM113', 'likes']"
96,https://images.unsplash.com/photo-1710286124248-0f0a49dd460e?crop=entropy&cs=tinysrgb&fit=max&fm=jpg&ixid=M3wyMjI4NjZ8MHwxfGFsbHw4N3x8fHx8fDJ8fDE3MTA2MDEzMTB8&ixlib=rb-4.0.3&q=80&w=1080,"['Steve', 'Busch50', 'likes']"
97,https://images.unsplash.com/photo-1710248213192-990ce6b17ea1?crop=entropy&cs=tinysrgb&fit=max&fm=jpg&ixid=M3wyMjI4NjZ8MHwxfGFsbHw4OHx8fHx8fDJ8fDE3MTA2MDEzMTB8&ixlib=rb-4.0.3&q=80&w=1080,"['Sung', 'Jin', 'Cho55', 'likes']"
98,https://images.unsplash.com/photo-1710273887091-d2c7222a65bc?crop=entropy&cs=tinysrgb&fit=max&fm=jpg&ixid=M3wyMjI4NjZ8MHwxfGFsbHw4OXx8fHx8fDJ8fDE3MTA2MDEzMTB8&ixlib=rb-4.0.3&q=80&w=1080,"['Matias', 'North44', 'likes']"
99,https://images.unsplash.com/photo-1710352492489-ba6d8cbe5bcb?crop=entropy&cs=tinysrgb&fit=max&fm=jpg&ixid=M3wyMjI4NjZ8MHwxfGFsbHw5MHx8fHx8fDJ8fDE3MTA2MDEzMTB8&ixlib=rb-4.0.3&q=80&w=1080,"['Maxim', 'Tolchinskiy38', 'likes']"
100,https://images.unsplash.com/photo-1682687220363-35e4621ed990?crop=entropy&cs=tinysrgb&fit=max&fm=jpg&ixid=M3wyMjI4NjZ8MXwxfGFsbHw5MXx8fHx8fDJ8fDE3MTA2MDEzMTd8&ixlib=rb-4.0.3&q=80&w=1080,"['NEOM833', 'likes']"
101,https://images.unsplash.com/photo-1710268503380-7f87a599d15b?crop=entropy&cs=tinysrgb&fit=max&fm=jpg&ixid=M3wyMjI4NjZ8MHwxfGFsbHw5Mnx8fHx8fDJ8fDE3MTA2MDEzMTd8&ixlib=rb-4.0.3&q=80&w=1080,"['Zhanna', 'Rinatova22', 'likes']"
102,https://images.unsplash.com/photo-1710246650929-f2758e3666e0?crop=entropy&cs=tinysrgb&fit=max&fm=jpg&ixid=M3wyMjI4NjZ8MHwxfGFsbHw5M3x8fHx8fDJ8fDE3MTA2MDEzMTd8&ixlib=rb-4.0.3&q=80&w=1080,"['alexey', 'turenkov28', 'likes']"
103,https://images.unsplash.com/photo-1707811179851-c1f93698ad46?crop=entropy&cs=tinysrgb&fit=max&fm=jpg&ixid=M3wyMjI4NjZ8MHwxfGFsbHw5NHx8fHx8fDJ8fDE3MTA2MDEzMTd8&ixlib=rb-4.0.3&q=80&w=1080,"['EqualStock11', 'likes']"
104,https://images.unsplash.com/photo-1708583382060-5bcfebc34a69?crop=entropy&cs=tinysrgb&fit=max&fm=jpg&ixid=M3wyMjI4NjZ8MHwxfGFsbHw5NXx8fHx8fDJ8fDE3MTA2MDEzMTd8&ixlib=rb-4.0.3&q=80&w=1080,"['Ryunosuke', 'Kikuno43', 'likes']"
105,https://images.unsplash.com/photo-1707327956851-30a531b70cda?crop=entropy&cs=tinysrgb&fit=max&fm=jpg&ixid=M3wyMjI4NjZ8MXwxfGFsbHw5Nnx8fHx8fDJ8fDE3MTA2MDEzMTd8&ixlib=rb-4.0.3&q=80&w=1080,"['NEOM197', 'likes']"
106,https://images.unsplash.com/photo-1706800696671-570820e7ff39?crop=entropy&cs=tinysrgb&fit=max&fm=jpg&ixid=M3wyMjI4NjZ8MHwxfGFsbHw5N3x8fHx8fDJ8fDE3MTA2MDEzMTd8&ixlib=rb-4.0.3&q=80&w=1080,"['NASA', 'Hubble', 'Space', 'Telescope73', 'likes']"
107,https://images.unsplash.com/photo-1710156348905-0f632a11ce3a?crop=entropy&cs=tinysrgb&fit=max&fm=jpg&ixid=M3wyMjI4NjZ8MHwxfGFsbHw5OHx8fHx8fDJ8fDE3MTA2MDEzMTd8&ixlib=rb-4.0.3&q=80&w=1080,"['Cédric', 'Streit28', 'likes']"
108,https://images.unsplash.com/photo-1710169473427-eaed5969b91b?crop=entropy&cs=tinysrgb&fit=max&fm=jpg&ixid=M3wyMjI4NjZ8MHwxfGFsbHw5OXx8fHx8fDJ8fDE3MTA2MDEzMTd8&ixlib=rb-4.0.3&q=80&w=1080,"['Ingmar', 'H42', 'likes']"
109,https://images.unsplash.com/photo-1710246650903-55b6f0e3a8fd?crop=entropy&cs=tinysrgb&fit=max&fm=jpg&ixid=M3wyMjI4NjZ8MHwxfGFsbHwxMDB8fHx8fHwyfHwxNzEwNjAxMzE3fA&ixlib=rb-4.0.3&q=80&w=1080,"['alexey', 'turenkov24', 'likes']"
110,https://images.unsplash.com/photo-1682687220640-9d3b11ca30e5?crop=entropy&cs=tinysrgb&fit=max&fm=jpg&ixid=M3wyMjI4NjZ8MXwxfGFsbHwxMDF8fHx8fHwyfHwxNzEwNjAxMzE3fA&ixlib=rb-4.0.3&q=80&w=1080,"['NEOM449', 'likes']"
111,https://images.unsplash.com/photo-1710401518994-278c323610fb?crop=entropy&cs=tinysrgb&fit=max&fm=jpg&ixid=M3wyMjI4NjZ8MHwxfGFsbHwxMDJ8fHx8fHwyfHwxNzEwNjAxMzE3fA&ixlib=rb-4.0.3&q=80&w=1080,"['Evgeni', 'Tcherkasski25', 'likes']"
112,https://images.unsplash.com/photo-1709433157272-18e3517fb36a?crop=entropy&cs=tinysrgb&fit=max&fm=jpg&ixid=M3wyMjI4NjZ8MHwxfGFsbHwxMDN8fHx8fHwyfHwxNzEwNjAxMzE3fA&ixlib=rb-4.0.3&q=80&w=1080,"['Kouji', 'Tsuru48', 'likes']"
113,https://images.unsplash.com/photo-1709494795426-2740f2439248?crop=entropy&cs=tinysrgb&fit=max&fm=jpg&ixid=M3wyMjI4NjZ8MHwxfGFsbHwxMDR8fHx8fHwyfHwxNzEwNjAxMzE3fA&ixlib=rb-4.0.3&q=80&w=1080,"['Nikita', 'Pishchugin49', 'likes']"
114,https://images.unsplash.com/photo-1710292036904-3dc60dd14e53?crop=entropy&cs=tinysrgb&fit=max&fm=jpg&ixid=M3wyMjI4NjZ8MHwxfGFsbHwxMDV8fHx8fHwyfHwxNzEwNjAxMzE3fA&ixlib=rb-4.0.3&q=80&w=1080,"['Solen', 'Feyissa26', 'likes']"
115,https://images.unsplash.com/photo-1707343844436-37580f155ed2?crop=entropy&cs=tinysrgb&fit=max&fm=jpg&ixid=M3wyMjI4NjZ8MXwxfGFsbHwxMDZ8fHx8fHwyfHwxNzEwNjAxMzE3fA&ixlib=rb-4.0.3&q=80&w=1080,"['NEOM153', 'likes']"
116,https://images.unsplash.com/photo-1710065007570-1c729aeadc5c?crop=entropy&cs=tinysrgb&fit=max&fm=jpg&ixid=M3wyMjI4NjZ8MHwxfGFsbHwxMDd8fHx8fHwyfHwxNzEwNjAxMzE3fA&ixlib=rb-4.0.3&q=80&w=1080,"['tommao', 'wang7', 'likes']"
117,https://images.unsplash.com/photo-1709997384132-1fc336977916?crop=entropy&cs=tinysrgb&fit=max&fm=jpg&ixid=M3wyMjI4NjZ8MHwxfGFsbHwxMDh8fHx8fHwyfHwxNzEwNjAxMzE3fA&ixlib=rb-4.0.3&q=80&w=1080,"['Kristaps', 'Ungurs35', 'likes']"
118,https://images.unsplash.com/photo-1710068145544-bafca57baf58?crop=entropy&cs=tinysrgb&fit=max&fm=jpg&ixid=M3wyMjI4NjZ8MHwxfGFsbHwxMDl8fHx8fHwyfHwxNzEwNjAxMzE3fA&ixlib=rb-4.0.3&q=80&w=1080,"['Boston', 'Public', 'Library97', 'likes']"
119,https://images.unsplash.com/photo-1709408925583-a3c0e25b3a51?crop=entropy&cs=tinysrgb&fit=max&fm=jpg&ixid=M3wyMjI4NjZ8MHwxfGFsbHwxMTB8fHx8fHwyfHwxNzEwNjAxMzE3fA&ixlib=rb-4.0.3&q=80&w=1080,"['Joshua', 'Kettle22', 'likes']"
120,https://images.unsplash.com/photo-1682687982185-531d09ec56fc?crop=entropy&cs=tinysrgb&fit=max&fm=jpg&ixid=M3wyMjI4NjZ8MXwxfGFsbHwxMTF8fHx8fHwyfHwxNzEwNjAxMzE5fA&ixlib=rb-4.0.3&q=80&w=1080,"['NEOM199', 'likes']"
121,https://images.unsplash.com/photo-1709936863104-b0249fe18c41?crop=entropy&cs=tinysrgb&fit=max&fm=jpg&ixid=M3wyMjI4NjZ8MHwxfGFsbHwxMTJ8fHx8fHwyfHwxNzEwNjAxMzE5fA&ixlib=rb-4.0.3&q=80&w=1080,"['Thibault', 'Mokuenko70', 'likes']"
122,https://images.unsplash.com/photo-1709895353959-5e170f933758?crop=entropy&cs=tinysrgb&fit=max&fm=jpg&ixid=M3wyMjI4NjZ8MHwxfGFsbHwxMTN8fHx8fHwyfHwxNzEwNjAxMzE5fA&ixlib=rb-4.0.3&q=80&w=1080,"['micheile', 'henderson211', 'likes']"
123,https://images.unsplash.com/photo-1709634539435-f9fccaf0fda1?crop=entropy&cs=tinysrgb&fit=max&fm=jpg&ixid=M3wyMjI4NjZ8MHwxfGFsbHwxMTR8fHx8fHwyfHwxNzEwNjAxMzE5fA&ixlib=rb-4.0.3&q=80&w=1080,"['Luke', 'Jones51', 'likes']"
124,https://images.unsplash.com/photo-1709488413853-c39d78274479?crop=entropy&cs=tinysrgb&fit=max&fm=jpg&ixid=M3wyMjI4NjZ8MHwxfGFsbHwxMTV8fHx8fHwyfHwxNzEwNjAxMzE5fA&ixlib=rb-4.0.3&q=80&w=1080,"['Harry', 'Borrett30', 'likes']"
125,https://images.unsplash.com/photo-1707345512638-997d31a10eaa?crop=entropy&cs=tinysrgb&fit=max&fm=jpg&ixid=M3wyMjI4NjZ8MXwxfGFsbHwxMTZ8fHx8fHwyfHwxNzEwNjAxMzE5fA&ixlib=rb-4.0.3&q=80&w=1080,"['NEOM269', 'likes']"
126,https://images.unsplash.com/photo-1710237103624-77e1c5b612a8?crop=entropy&cs=tinysrgb&fit=max&fm=jpg&ixid=M3wyMjI4NjZ8MHwxfGFsbHwxMTd8fHx8fHwyfHwxNzEwNjAxMzE5fA&ixlib=rb-4.0.3&q=80&w=1080,"['Andrea', 'De', 'Santis113', 'likes']"
127,https://images.unsplash.com/photo-1710079224130-499906a208d8?crop=entropy&cs=tinysrgb&fit=max&fm=jpg&ixid=M3wyMjI4NjZ8MHwxfGFsbHwxMTh8fHx8fHwyfHwxNzEwNjAxMzE5fA&ixlib=rb-4.0.3&q=80&w=1080,"['Danielle', 'Suijkerbuijk94', 'likes']"
128,https://images.unsplash.com/photo-1710104434504-0261d06fa832?crop=entropy&cs=tinysrgb&fit=max&fm=jpg&ixid=M3wyMjI4NjZ8MHwxfGFsbHwxMTl8fHx8fHwyfHwxNzEwNjAxMzE5fA&ixlib=rb-4.0.3&q=80&w=1080,"['Jarno', 'Colijn69', 'likes']"
129,https://images.unsplash.com/photo-1709828593321-48973262f23e?crop=entropy&cs=tinysrgb&fit=max&fm=jpg&ixid=M3wyMjI4NjZ8MHwxfGFsbHwxMjB8fHx8fHwyfHwxNzEwNjAxMzE5fA&ixlib=rb-4.0.3&q=80&w=1080,"['Carolina', 'Nichitin109', 'likes']"
130,https://images.unsplash.com/photo-1682695794816-7b9da18ed470?crop=entropy&cs=tinysrgb&fit=max&fm=jpg&ixid=M3wyMjI4NjZ8MXwxfGFsbHwxMjF8fHx8fHwyfHwxNzEwNjAxMzE5fA&ixlib=rb-4.0.3&q=80&w=1080,"['NEOM768', 'likes']"
131,https://images.unsplash.com/photo-1706883376540-b21e5559fc45?crop=entropy&cs=tinysrgb&fit=max&fm=jpg&ixid=M3wyMjI4NjZ8MHwxfGFsbHwxMjJ8fHx8fHwyfHwxNzEwNjAxMzE5fA&ixlib=rb-4.0.3&q=80&w=1080,"['Patrik', 'Storm', '(Alstra', 'Pictures)87', 'likes']"
132,https://images.unsplash.com/photo-1706702355789-4812f788f763?crop=entropy&cs=tinysrgb&fit=max&fm=jpg&ixid=M3wyMjI4NjZ8MHwxfGFsbHwxMjN8fHx8fHwyfHwxNzEwNjAxMzE5fA&ixlib=rb-4.0.3&q=80&w=1080,"['TUDOSE', 'MADALIN55', 'likes']"
133,https://images.unsplash.com/photo-1705323111381-681f06e96675?crop=entropy&cs=tinysrgb&fit=max&fm=jpg&ixid=M3wyMjI4NjZ8MHwxfGFsbHwxMjR8fHx8fHwyfHwxNzEwNjAxMzE5fA&ixlib=rb-4.0.3&q=80&w=1080,"['mos', 'design35', 'likes']"
134,https://images.unsplash.com/photo-1705374464124-42c35f96da9f?crop=entropy&cs=tinysrgb&fit=max&fm=jpg&ixid=M3wyMjI4NjZ8MHwxfGFsbHwxMjV8fHx8fHwyfHwxNzEwNjAxMzE5fA&ixlib=rb-4.0.3&q=80&w=1080,"['Julius', 'Carmine18', 'likes']"
135,https://images.unsplash.com/photo-1707343843437-caacff5cfa74?crop=entropy&cs=tinysrgb&fit=max&fm=jpg&ixid=M3wyMjI4NjZ8MXwxfGFsbHwxMjZ8fHx8fHwyfHwxNzEwNjAxMzE5fA&ixlib=rb-4.0.3&q=80&w=1080,"['NEOM272', 'likes']"
136,https://images.unsplash.com/photo-1705499438100-fff66a0fce50?crop=entropy&cs=tinysrgb&fit=max&fm=jpg&ixid=M3wyMjI4NjZ8MHwxfGFsbHwxMjd8fHx8fHwyfHwxNzEwNjAxMzE5fA&ixlib=rb-4.0.3&q=80&w=1080,"['Henry', '&', 'Co.18', 'likes']"
137,https://images.unsplash.com/photo-1707613850087-72aa25a8d462?crop=entropy&cs=tinysrgb&fit=max&fm=jpg&ixid=M3wyMjI4NjZ8MHwxfGFsbHwxMjh8fHx8fHwyfHwxNzEwNjAxMzE5fA&ixlib=rb-4.0.3&q=80&w=1080,"['CJ', 'Botha45', 'likes']"
138,https://images.unsplash.com/photo-1710172510079-fe595c6009fd?crop=entropy&cs=tinysrgb&fit=max&fm=jpg&ixid=M3wyMjI4NjZ8MHwxfGFsbHwxMjl8fHx8fHwyfHwxNzEwNjAxMzE5fA&ixlib=rb-4.0.3&q=80&w=1080,"['Lukas', 'Zischke79', 'likes']"
139,https://images.unsplash.com/photo-1710246265730-d4f722ec11cc?crop=entropy&cs=tinysrgb&fit=max&fm=jpg&ixid=M3wyMjI4NjZ8MHwxfGFsbHwxMzB8fHx8fHwyfHwxNzEwNjAxMzE5fA&ixlib=rb-4.0.3&q=80&w=1080,"['Mathieu', 'Odin44', 'likes']"
140,https://images.unsplash.com/photo-1682695796795-cc287af78a2b?crop=entropy&cs=tinysrgb&fit=max&fm=jpg&ixid=M3wyMjI4NjZ8MXwxfGFsbHwxMzF8fHx8fHwyfHwxNzEwNjAxMzE5fA&ixlib=rb-4.0.3&q=80&w=1080,"['NEOM290', 'likes']"
141,https://images.unsplash.com/photo-1707080193931-187cb67d8a51?crop=entropy&cs=tinysrgb&fit=max&fm=jpg&ixid=M3wyMjI4NjZ8MHwxfGFsbHwxMzJ8fHx8fHwyfHwxNzEwNjAxMzE5fA&ixlib=rb-4.0.3&q=80&w=1080,"['Anik', 'Labreigne49', 'likes']"
142,https://images.unsplash.com/photo-1707423948446-95e2604d4f8d?crop=entropy&cs=tinysrgb&fit=max&fm=jpg&ixid=M3wyMjI4NjZ8MHwxfGFsbHwxMzN8fHx8fHwyfHwxNzEwNjAxMzE5fA&ixlib=rb-4.0.3&q=80&w=1080,"['Mauro', 'Lima40', 'likes']"
143,https://images.unsplash.com/photo-1708923262250-09c61f1bb6a7?crop=entropy&cs=tinysrgb&fit=max&fm=jpg&ixid=M3wyMjI4NjZ8MHwxfGFsbHwxMzR8fHx8fHwyfHwxNzEwNjAxMzE5fA&ixlib=rb-4.0.3&q=80&w=1080,"['Karsten', 'Winegeart53', 'likes']"
144,https://images.unsplash.com/photo-1707009504312-53faa6c1cecd?crop=entropy&cs=tinysrgb&fit=max&fm=jpg&ixid=M3wyMjI4NjZ8MHwxfGFsbHwxMzV8fHx8fHwyfHwxNzEwNjAxMzE5fA&ixlib=rb-4.0.3&q=80&w=1080,"['Alexander', 'Psiuk80', 'likes']"
145,https://images.unsplash.com/photo-1707343848723-bd87dea7b118?crop=entropy&cs=tinysrgb&fit=max&fm=jpg&ixid=M3wyMjI4NjZ8MXwxfGFsbHwxMzZ8fHx8fHwyfHwxNzEwNjAxMzE5fA&ixlib=rb-4.0.3&q=80&w=1080,"['NEOM122', 'likes']"
146,https://images.unsplash.com/photo-1709828238515-35189879a02c?crop=entropy&cs=tinysrgb&fit=max&fm=jpg&ixid=M3wyMjI4NjZ8MHwxfGFsbHwxMzd8fHx8fHwyfHwxNzEwNjAxMzE5fA&ixlib=rb-4.0.3&q=80&w=1080,"['Carolina', 'Nichitin48', 'likes']"
147,https://images.unsplash.com/photo-1709990742347-07f67cc136cf?crop=entropy&cs=tinysrgb&fit=max&fm=jpg&ixid=M3wyMjI4NjZ8MHwxfGFsbHwxMzh8fHx8fHwyfHwxNzEwNjAxMzE5fA&ixlib=rb-4.0.3&q=80&w=1080,"['Pawel', 'Czerwinski24', 'likes']"
148,https://images.unsplash.com/photo-1709927628742-c3da31d7707f?crop=entropy&cs=tinysrgb&fit=max&fm=jpg&ixid=M3wyMjI4NjZ8MHwxfGFsbHwxMzl8fHx8fHwyfHwxNzEwNjAxMzE5fA&ixlib=rb-4.0.3&q=80&w=1080,"['Colin', 'Watts46', 'likes']"
149,https://images.unsplash.com/photo-1710192230031-f84519765f81?crop=entropy&cs=tinysrgb&fit=max&fm=jpg&ixid=M3wyMjI4NjZ8MHwxfGFsbHwxNDB8fHx8fHwyfHwxNzEwNjAxMzE5fA&ixlib=rb-4.0.3&q=80&w=1080,"['Francesco', 'Ungaro76', 'likes']"
150,https://images.unsplash.com/photo-1682686580024-580519d4b2d2?crop=entropy&cs=tinysrgb&fit=max&fm=jpg&ixid=M3wyMjI4NjZ8MXwxfGFsbHwxNDF8fHx8fHwyfHwxNzEwNjAxMzIyfA&ixlib=rb-4.0.3&q=80&w=1080,"['NEOM166', 'likes']"
151,https://images.unsplash.com/photo-1710092151905-a1bdb0cfb071?crop=entropy&cs=tinysrgb&fit=max&fm=jpg&ixid=M3wyMjI4NjZ8MHwxfGFsbHwxNDJ8fHx8fHwyfHwxNzEwNjAxMzIyfA&ixlib=rb-4.0.3&q=80&w=1080,"['Winston', 'Tjia55', 'likes']"
152,https://images.unsplash.com/photo-1710319412580-ee88720571cb?crop=entropy&cs=tinysrgb&fit=max&fm=jpg&ixid=M3wyMjI4NjZ8MHwxfGFsbHwxNDN8fHx8fHwyfHwxNzEwNjAxMzIyfA&ixlib=rb-4.0.3&q=80&w=1080,"['Cash', 'Macanaya48', 'likes']"
153,https://images.unsplash.com/photo-1709992223756-cb0516074e95?crop=entropy&cs=tinysrgb&fit=max&fm=jpg&ixid=M3wyMjI4NjZ8MHwxfGFsbHwxNDR8fHx8fHwyfHwxNzEwNjAxMzIyfA&ixlib=rb-4.0.3&q=80&w=1080,"['shahin', 'khalaji22', 'likes']"
154,https://images.unsplash.com/photo-1709990740078-05aa8ee5b9b7?crop=entropy&cs=tinysrgb&fit=max&fm=jpg&ixid=M3wyMjI4NjZ8MHwxfGFsbHwxNDV8fHx8fHwyfHwxNzEwNjAxMzIyfA&ixlib=rb-4.0.3&q=80&w=1080,"['Pawel', 'Czerwinski53', 'likes']"
155,https://images.unsplash.com/photo-1707343848873-d6a834b5f9b9?crop=entropy&cs=tinysrgb&fit=max&fm=jpg&ixid=M3wyMjI4NjZ8MXwxfGFsbHwxNDZ8fHx8fHwyfHwxNzEwNjAxMzIyfA&ixlib=rb-4.0.3&q=80&w=1080,"['NEOM149', 'likes']"
156,https://images.unsplash.com/photo-1709490893793-0947fe525f01?crop=entropy&cs=tinysrgb&fit=max&fm=jpg&ixid=M3wyMjI4NjZ8MHwxfGFsbHwxNDd8fHx8fHwyfHwxNzEwNjAxMzIyfA&ixlib=rb-4.0.3&q=80&w=1080,"['Fabian', 'Bächli16', 'likes']"
157,https://images.unsplash.com/photo-1709439377248-d03a69358c75?crop=entropy&cs=tinysrgb&fit=max&fm=jpg&ixid=M3wyMjI4NjZ8MHwxfGFsbHwxNDh8fHx8fHwyfHwxNzEwNjAxMzIyfA&ixlib=rb-4.0.3&q=80&w=1080,"['Evan', 'Strock24', 'likes']"
158,https://images.unsplash.com/photo-1709983967254-8c9242701cdd?crop=entropy&cs=tinysrgb&fit=max&fm=jpg&ixid=M3wyMjI4NjZ8MHwxfGFsbHwxNDl8fHx8fHwyfHwxNzEwNjAxMzIyfA&ixlib=rb-4.0.3&q=80&w=1080,"['micheile', 'henderson73', 'likes']"
159,https://images.unsplash.com/photo-1708791416184-fe5f5ed40bad?crop=entropy&cs=tinysrgb&fit=max&fm=jpg&ixid=M3wyMjI4NjZ8MHwxfGFsbHwxNTB8fHx8fHwyfHwxNzEwNjAxMzIyfA&ixlib=rb-4.0.3&q=80&w=1080,"['Jerry', 'Wang43', 'likes']"
160,https://images.unsplash.com/photo-1682685797898-6d7587974771?crop=entropy&cs=tinysrgb&fit=max&fm=jpg&ixid=M3wyMjI4NjZ8MXwxfGFsbHwxNTF8fHx8fHwyfHwxNzEwNjAxMzIyfA&ixlib=rb-4.0.3&q=80&w=1080,"['NEOM186', 'likes']"
161,https://images.unsplash.com/photo-1708576086109-0fce021a566f?crop=entropy&cs=tinysrgb&fit=max&fm=jpg&ixid=M3wyMjI4NjZ8MHwxfGFsbHwxNTJ8fHx8fHwyfHwxNzEwNjAxMzIyfA&ixlib=rb-4.0.3&q=80&w=1080,"['Mieke', 'Campbell6', 'likes']"
162,https://images.unsplash.com/photo-1708585267785-fb2ab964f63e?crop=entropy&cs=tinysrgb&fit=max&fm=jpg&ixid=M3wyMjI4NjZ8MHwxfGFsbHwxNTN8fHx8fHwyfHwxNzEwNjAxMzIyfA&ixlib=rb-4.0.3&q=80&w=1080,"['Maksym', 'Mazur19', 'likes']"
163,https://images.unsplash.com/photo-1710279750007-15bbdcc94033?crop=entropy&cs=tinysrgb&fit=max&fm=jpg&ixid=M3wyMjI4NjZ8MHwxfGFsbHwxNTR8fHx8fHwyfHwxNzEwNjAxMzIyfA&ixlib=rb-4.0.3&q=80&w=1080,"['Yves', 'Cedric', 'Schulze32', 'likes']"
164,https://images.unsplash.com/photo-1710302004005-f5c4b87fac37?crop=entropy&cs=tinysrgb&fit=max&fm=jpg&ixid=M3wyMjI4NjZ8MHwxfGFsbHwxNTV8fHx8fHwyfHwxNzEwNjAxMzIyfA&ixlib=rb-4.0.3&q=80&w=1080,"['Blaire', 'Harmon26', 'likes']"
165,https://images.unsplash.com/photo-1708649290066-5f617003b93f?crop=entropy&cs=tinysrgb&fit=max&fm=jpg&ixid=M3wyMjI4NjZ8MXwxfGFsbHwxNTZ8fHx8fHwyfHwxNzEwNjAxMzIyfA&ixlib=rb-4.0.3&q=80&w=1080,"['NEOM266', 'likes']"
166,https://images.unsplash.com/photo-1710125888693-deb4fd7516b5?crop=entropy&cs=tinysrgb&fit=max&fm=jpg&ixid=M3wyMjI4NjZ8MHwxfGFsbHwxNTd8fHx8fHwyfHwxNzEwNjAxMzIyfA&ixlib=rb-4.0.3&q=80&w=1080,"['Duong', 'Ngan56', 'likes']"
167,https://images.unsplash.com/photo-1710228736245-5cb0efd30657?crop=entropy&cs=tinysrgb&fit=max&fm=jpg&ixid=M3wyMjI4NjZ8MHwxfGFsbHwxNTh8fHx8fHwyfHwxNzEwNjAxMzIyfA&ixlib=rb-4.0.3&q=80&w=1080,"['Yves', 'Cedric', 'Schulze58', 'likes']"
168,https://images.unsplash.com/photo-1710183327912-b8c95b5e1442?crop=entropy&cs=tinysrgb&fit=max&fm=jpg&ixid=M3wyMjI4NjZ8MHwxfGFsbHwxNTl8fHx8fHwyfHwxNzEwNjAxMzIyfA&ixlib=rb-4.0.3&q=80&w=1080,"['Anita', 'Austvika54', 'likes']"
169,https://images.unsplash.com/photo-1709796590657-7d54c981e61f?crop=entropy&cs=tinysrgb&fit=max&fm=jpg&ixid=M3wyMjI4NjZ8MHwxfGFsbHwxNjB8fHx8fHwyfHwxNzEwNjAxMzIyfA&ixlib=rb-4.0.3&q=80&w=1080,"['Calvin', 'Craig28', 'likes']"
170,https://images.unsplash.com/photo-1683009427540-c5bd6a32abf6?crop=entropy&cs=tinysrgb&fit=max&fm=jpg&ixid=M3wyMjI4NjZ8MXwxfGFsbHwxNjF8fHx8fHwyfHwxNzEwNjAxMzIyfA&ixlib=rb-4.0.3&q=80&w=1080,"['NEOM263', 'likes']"
171,https://images.unsplash.com/photo-1476458438255-0ab285b38cb7?crop=entropy&cs=tinysrgb&fit=max&fm=jpg&ixid=M3wyMjI4NjZ8MHwxfGFsbHwxNjJ8fHx8fHwyfHwxNzEwNjAxMzIyfA&ixlib=rb-4.0.3&q=80&w=1080,"['Clarisse', 'Meyer108', 'likes']"
172,https://images.unsplash.com/photo-1710069455025-f294936edb43?crop=entropy&cs=tinysrgb&fit=max&fm=jpg&ixid=M3wyMjI4NjZ8MHwxfGFsbHwxNjN8fHx8fHwyfHwxNzEwNjAxMzIyfA&ixlib=rb-4.0.3&q=80&w=1080,"['Boston', 'Public', 'Library37', 'likes']"
173,https://images.unsplash.com/photo-1710007362468-e0f7556a0e15?crop=entropy&cs=tinysrgb&fit=max&fm=jpg&ixid=M3wyMjI4NjZ8MHwxfGFsbHwxNjR8fHx8fHwyfHwxNzEwNjAxMzIyfA&ixlib=rb-4.0.3&q=80&w=1080,"['Adam', 'Bignell22', 'likes']"
174,https://images.unsplash.com/photo-1709596045802-2cfdeb13eba4?crop=entropy&cs=tinysrgb&fit=max&fm=jpg&ixid=M3wyMjI4NjZ8MHwxfGFsbHwxNjV8fHx8fHwyfHwxNzEwNjAxMzIyfA&ixlib=rb-4.0.3&q=80&w=1080,"['Mohamed', 'Elwaid24', 'likes']"
175,https://images.unsplash.com/photo-1707343846292-56e4c6abf291?crop=entropy&cs=tinysrgb&fit=max&fm=jpg&ixid=M3wyMjI4NjZ8MXwxfGFsbHwxNjZ8fHx8fHwyfHwxNzEwNjAxMzIyfA&ixlib=rb-4.0.3&q=80&w=1080,"['NEOM119', 'likes']"
176,https://images.unsplash.com/photo-1709593998732-2babc527e795?crop=entropy&cs=tinysrgb&fit=max&fm=jpg&ixid=M3wyMjI4NjZ8MHwxfGFsbHwxNjd8fHx8fHwyfHwxNzEwNjAxMzIyfA&ixlib=rb-4.0.3&q=80&w=1080,"['szm', '434', 'likes']"
177,https://images.unsplash.com/photo-1709593491098-200afffca0a5?crop=entropy&cs=tinysrgb&fit=max&fm=jpg&ixid=M3wyMjI4NjZ8MHwxfGFsbHwxNjh8fHx8fHwyfHwxNzEwNjAxMzIyfA&ixlib=rb-4.0.3&q=80&w=1080,"['Kateryna', 'Hliznitsova45', 'likes']"
178,https://images.unsplash.com/photo-1710092662335-065cdbfb9781?crop=entropy&cs=tinysrgb&fit=max&fm=jpg&ixid=M3wyMjI4NjZ8MHwxfGFsbHwxNjl8fHx8fHwyfHwxNzEwNjAxMzIyfA&ixlib=rb-4.0.3&q=80&w=1080,"['Federico', 'Di', 'Dio', 'photography54', 'likes']"
179,https://images.unsplash.com/photo-1709983965653-4a00ed4d0f42?crop=entropy&cs=tinysrgb&fit=max&fm=jpg&ixid=M3wyMjI4NjZ8MHwxfGFsbHwxNzB8fHx8fHwyfHwxNzEwNjAxMzIyfA&ixlib=rb-4.0.3&q=80&w=1080,"['micheile', 'henderson73', 'likes']"
